codon,aa,freq,rare
TTT,F,0.58,0
TTC,F,0.42,0
TTA,L,0.14,0
TTG,L,0.13,0
CTT,L,0.12,0
CTC,L,0.1,0
CTG,L,0.47,0
TAT,Y,0.59,0
TAC,Y,0.41,0
CAT,H,0.57,0
CAC,H,0.43,0
CAA,Q,0.34,0
CAG,Q,0.66,0
ATT,I,0.49,0
ATC,I,0.39,0
ATG,M,1,0
AAT,N,0.49,0
AAC,N,0.51,0
AAA,K,0.74,0
AAG,K,0.26,0
GTT,V,0.28,0
GTC,V,0.2,0
GTA,V,0.17,0
GTG,V,0.35,0
GAT,D,0.63,0
GAC,D,0.37,0
GAA,E,0.68,0
GAG,E,0.32,0
TCT,S,0.17,0
TCC,S,0.15,0
TCA,S,0.14,0
TCG,S,0.14,0
AGT,S,0.16,0
AGC,S,0.25,0
TGT,C,0.46,0
TGC,C,0.54,0
TGG,W,1,0
CCT,P,0.18,0
CCA,P,0.2,0
CCG,P,0.49,0
CGT,R,0.36,0
CGC,R,0.36,0
CGG,R,0.11,0
ACT,T,0.19,0
ACC,T,0.4,0
ACA,T,0.17,0
ACG,T,0.25,0
GCT,A,0.18,0
GCC,A,0.26,0
GCA,A,0.23,0
GCG,A,0.33,0
GGT,G,0.35,0
GGC,G,0.37,0
GGA,G,0.13,0
GGG,G,0.15,0
